image	scene	shot	crop
vgs.agent-warden-panel.webp	panels	panels-dark-warden-problem	content
vgs.automations-window.webp	automations	automations-dark-list	content
vgs.bar-bar.webp	bar	bar-dark	bar
vgs.bluetooth-pane.webp	bluetooth	bluetooth-dark	content
vgs.devtools-window.webp	devtools	devtools-dark-p2	content
vgs.gallery-window.webp	gallery	gallery-dark-p1	content
vgs.jarvis-page.webp	settings	settings-dark-jarvis	content
vgs.launcher-list.webp	launcher	launcher-dark-list	content
vgs.lock-screen.webp	lock	lock-dark	backdrop
vgs.notifications-inbox.webp	notifications	notifications-dark-inbox	content
vgs.notifications-toasts.webp	notifications	notifications-dark-toasts	content
vgs.polkit-prompt.webp	polkit	polkit-dark	backdrop
vgs.power-panel.webp	power	power-dark-panel	content
vgs.screensaver-cover.webp	screensaver	screensaver-dark-cover	full
vgs.settings-window.webp	settings	settings-dark-list	content
vgs.displays-pane.webp	system	system-dark-displays	content
vgs.keyboard-pane.webp	system	system-dark-keyboard	content
vgs.mouse-pane.webp	system	system-dark-mouse	content
vgs.sound-pane.webp	system	system-dark-sound	content
vgs.system-window.webp	system	system-dark-sound	content
vgs.themes-browser.webp	theme-browser	theme-browser-dark-installed-frankenstein	item
vgs.updates-window.webp	panels	panels-dark-updates-open	content
vgs.capture-widget.webp	capture	capture-dark-widget	bar
vgs.capture-panel.webp	capture	capture-dark-panel	content
vgs.network-pane.webp	network	network-dark-pane-details	content
vgs.greeter-screen.webp	greeter	greeter-dark	backdrop
vgs.keyhints-window.webp	keyhints	keyhints-dark	content
vgs.clipboard-history.webp	clipboard	clipboard-dark	full
vgs.scratchpads-page.webp	settings	settings-dark-scratchpads	content
vgs.webapps-page.webp	settings	settings-dark-webapps	content
vgs.vpn-pane.webp	vpn	vpn-dark-pane	content
vgs.voice-page.webp	settings	settings-dark-voice	content
vgs.voice-osd.webp	voice	voice-dark-osd	content
vgs.ai-usage-panel.webp	ai-usage	ai-usage-dark-panel	content
vgs.tray-page.webp	settings	settings-dark-tray	content
vgs.traffic-panel.webp	traffic	traffic-dark-panel-apps	content
vgs.sysmon-panel.webp	sysmon	sysmon-dark-flyout-see-all	content
vgs.sudo-page.webp	settings	settings-dark-sudo	content
vgs.motion-pane.webp	appearance	appearance-dark-motion	content
vgs.windows-pane.webp	appearance	appearance-dark-windows	content
vgs.ui-pane.webp	appearance	appearance-dark-ui	content
vgs.fonts-pane.webp	appearance	appearance-dark-fonts	content
